artobject_id,db_title,youtube_title,old_video_id,old_url,new_video_id,new_url,new_title,action
12,030a / ALICE in WONDERLAND,030a ALICE in WONDERLAND - E,X3J2WOb0FyI,https://www.youtube.com/watch?v=X3J2WOb0FyI,dmc1yVkCc20,https://www.youtube.com/watch?v=dmc1yVkCc20,030a ALICE in WONDERLAND - E (Enhanced 4K),REPLACE
266,008 / PICK and PEN,008 PICK&PEN,8SvgnUHDdTU,https://www.youtube.com/watch?v=8SvgnUHDdTU,xrlK3_OIcXI,https://www.youtube.com/watch?v=xrlK3_OIcXI,008 PICK&amp;PEN (Enhanced 4K),REPLACE
14,026 / CCTV - I TOOLS - EYE TOOLS,China / CCTV - I TOOLS - EYE TOOLS - a portrait of Jürg Da Vaz,2udCsqGRnyg,https://www.youtube.com/watch?v=2udCsqGRnyg,,,,NO 4K FOUND
21,025 / CCTV - DA VAZ - SWISS ARTIST - a portrait,CHINA / CCTV - PORTRAIT of JÜRG DA VAZ,R2zxpDOmjfA,https://www.youtube.com/watch?v=R2zxpDOmjfA,-f_2-Ao1jYg,https://www.youtube.com/watch?v=-f_2-Ao1jYg,CHINA / CCTV - PORTRAIT of JÜRG DA VAZ (Enhanced 4K bright),REPLACE
24,024 / CITY in MAKING - China,024 CITY in MAKING,cMvVKrXIN9Y,https://www.youtube.com/watch?v=cMvVKrXIN9Y,0bHAKYmHczA,https://www.youtube.com/watch?v=0bHAKYmHczA,024 CITY in MAKING (Enhanced 4K),REPLACE
1556,063 / Biene und Mensch – HARD TALK,063 HARD TALK /  Biene und Mensch - D,aNzqomzOaUo,https://www.youtube.com/watch?v=aNzqomzOaUo,iGSvOPvPCJo,https://www.youtube.com/watch?v=iGSvOPvPCJo,063 HARD TALK /  Biene und Mensch - D (Enhanced 4K),REPLACE
263,012 / CALL OF THE SNOUT,CALL OF THE SNOUT,i8XzcDXpBoY,https://www.youtube.com/watch?v=i8XzcDXpBoY,VCYEHpdRRBM,https://www.youtube.com/watch?v=VCYEHpdRRBM,CALL OF THE SNOUT (Enhanced 4K),REPLACE
265,019 / PIGstile,PIGstile,Da3-JcXMnzQ,https://www.youtube.com/watch?v=Da3-JcXMnzQ,Wo9NUN3a65E,https://www.youtube.com/watch?v=Wo9NUN3a65E,PIGstile (Enhanced 4K),REPLACE
260,001a / The OTHER EYE - a passage through India,001a THE OTHER EYE - E,WBsY8GGMOBE,https://www.youtube.com/watch?v=WBsY8GGMOBE,YZx82_OyGXw,https://www.youtube.com/watch?v=YZx82_OyGXw,001a THE OTHER EYE - E (Enhanced 4K),REPLACE
262,022 / towards 21st CENTURY CHINA,022b 21st Century China 4539 feb07,Us1tVOObESU,https://www.youtube.com/watch?v=Us1tVOObESU,yI42sWIv0Ck,https://www.youtube.com/watch?v=yI42sWIv0Ck,022b 21st Century China 4539 feb07 (Enhanced 4K),REPLACE
264,020 / MORPHOPOLIS,HONGKONG / MORPHOPOLIS,NKXxfXK8qbI,https://www.youtube.com/watch?v=NKXxfXK8qbI,aohfhVId4h8,https://www.youtube.com/watch?v=aohfhVId4h8,HONGKONG / MORPHOPOLIS (Enhanced 4K),REPLACE
271,"007a / MTV"" – BUDAPEST DIARY",BUDAPEST diary,8wqZivWVLZs,https://www.youtube.com/watch?v=8wqZivWVLZs,b5OT2KCWapY,https://www.youtube.com/watch?v=b5OT2KCWapY,BUDAPEST diary (Enhanced 4K),REPLACE
283,014 / dead END – Asylum in Russia,RUSSIA / DEAD END,Kv7e-5ii-Ew,https://www.youtube.com/watch?v=Kv7e-5ii-Ew,5yWe8uhcHSY,https://www.youtube.com/watch?v=5yWe8uhcHSY,RUSSIA / DEAD END (Enhanced 4K),REPLACE
299,009 / CHICKENPICK,009 ChickenPick,JXir0H9XPzY,https://www.youtube.com/watch?v=JXir0H9XPzY,yMH0yIqRfKo,https://www.youtube.com/watch?v=yMH0yIqRfKo,009 ChickenPick (Enhanced 4K),REPLACE
300,010a / SUITE 702,RUSSIA / SUITE 702,Y3Zb55v7sM4,https://www.youtube.com/watch?v=Y3Zb55v7sM4,5RUc6lSUT08,https://www.youtube.com/watch?v=5RUc6lSUT08,RUSSIA / SUITE 702 (Enhanced 4K),REPLACE
301,005 / pf-ERDE am HIMMEL,005 pf-ERDE am HIMMEL,4_-BxRL1vFs,https://www.youtube.com/watch?v=4_-BxRL1vFs,r2WJIA-72yk,https://www.youtube.com/watch?v=r2WJIA-72yk,005 pf-ERDE am HIMMEL (Enhanced 4K),REPLACE
302,011a / ARRESTED DEVELOPMENT,"011a BUTIRSKAYA PRISON, Moscow - E",W8aE4bWqX-U,https://www.youtube.com/watch?v=W8aE4bWqX-U,zkASrGEeX2Q,https://www.youtube.com/watch?v=zkASrGEeX2Q,"011a BUTIRSKAYA PRISON, Moscow - E (Enhanced 4K)",REPLACE
303,016 / CABBAGE TALES,016 CABAGGE TALES,GSiput8wrVE,https://www.youtube.com/watch?v=GSiput8wrVE,kZs3gi46JiY,https://www.youtube.com/watch?v=kZs3gi46JiY,016 CABAGGE TALES (Enhanced 4K),REPLACE
304,021 / O! LUCKY CALCUTTA,INDIA / O! LUCKY CALCUTTA,Rmjega-OZQg,https://www.youtube.com/watch?v=Rmjega-OZQg,odxj3_y_peI,https://www.youtube.com/watch?v=odxj3_y_peI,INDIA / O! LUCKY CALCUTTA (Enhanced 4K),REPLACE
306,018 / BHUTAN LIVE,BHUTAN LIVE,Q9VKZeHaUIc,https://www.youtube.com/watch?v=Q9VKZeHaUIc,oss3TV8iTfw,https://www.youtube.com/watch?v=oss3TV8iTfw,BHUTAN LIVE (Enhanced 4K),REPLACE
307,004 / WORKS in PROGRESS,004 WORKS in PROGRESS,Hqa_G12v0Bw,https://www.youtube.com/watch?v=Hqa_G12v0Bw,wAin2xQtLKs,https://www.youtube.com/watch?v=wAin2xQtLKs,004 WORKS in PROGRESS (Enhanced 4K),REPLACE
308,015 / 4,015 Last Night I was Two Cats,1W9mjMtxVSw,https://www.youtube.com/watch?v=1W9mjMtxVSw,jgwc1PP5yAM,https://www.youtube.com/watch?v=jgwc1PP5yAM,015 Last Night I was Two Cats (Enhanced 4K),REPLACE
660,013 / Hungary / Herzeghalom – Pig Stile / Pig Style,013 PIG OPERA,M3D3Gxo4AEQ,https://www.youtube.com/watch?v=M3D3Gxo4AEQ,,,,NO 4K FOUND
311,038a / YOUNG WOLF,"038a YOUNG WOLF / Smolensk - R/G, Esub",yPJT2-Bodhw,https://www.youtube.com/watch?v=yPJT2-Bodhw,_H3VqhRHcgc,https://www.youtube.com/watch?v=_H3VqhRHcgc,"038a YOUNG WOLF / Smolensk - R/G, Esub (Enhanced 4K)",REPLACE
315,033 / The TAKAMI FAMILY,"033 The Takami Family, Tokyo",qeNigfxHkEo,https://www.youtube.com/watch?v=qeNigfxHkEo,BEa8Z40nQxQ,https://www.youtube.com/watch?v=BEa8Z40nQxQ,"033 The Takami Family, Tokyo (Enhanced 4K)",REPLACE
313,048 / ARAL SEA / ARALSK - Moments for Monuments,KAZAKHSTAN / ARAL SEA - Moments for Monuments,0DNzxYaPVPs,https://www.youtube.com/watch?v=0DNzxYaPVPs,7gom0CqjGNQ,https://www.youtube.com/watch?v=7gom0CqjGNQ,KAZAKHSTAN / ARAL SEA - Moments for Monuments (Enhanced 4K),REPLACE
314,047a / OLD PONDS,RUSSIA / OLD PONDS (English Edition),kUmV1BDCnH4,https://www.youtube.com/watch?v=kUmV1BDCnH4,f7t3xaj4tv4,https://www.youtube.com/watch?v=f7t3xaj4tv4,RUSSIA / OLD PONDS (English Edition) (Enhanced 4K),REPLACE
316,039a Kazakh TV/DaVaz - E,039a Kazakh Television / Interview - E,HM8JI7LlMU0,https://www.youtube.com/watch?v=HM8JI7LlMU0,PksZcvTrDbA,https://www.youtube.com/watch?v=PksZcvTrDbA,039a Kazakh Television / Interview - E (Enhanced 4K),REPLACE
317,"032 / SHIBUYA - 171,2%","JAPAN / High School Girls - SHIBUYA - 171,2%",v1YJC8dMaas,https://www.youtube.com/watch?v=v1YJC8dMaas,Ah8fusNxaJU,https://www.youtube.com/watch?v=Ah8fusNxaJU,"JAPAN / High School Girls - SHIBUYA - 171,2% (Enhanced 4K)",REPLACE
320,037 / ARCHITECTURE of a TRIAL,ARCHITECTURE of a TRIAL,Z3JLO-Vpk5U,https://www.youtube.com/watch?v=Z3JLO-Vpk5U,zBf7_L8FIvs,https://www.youtube.com/watch?v=zBf7_L8FIvs,ARCHITECTURE of a TRIAL (Enhanced 4K),REPLACE
321,045a / SIBERIA YOU ARE MY LIMIT,045a SIBERIA YOU ARE MY LIMIT - R/Esub,CAbPfoe5B_Q,https://www.youtube.com/watch?v=CAbPfoe5B_Q,TyEc6Q0eOt4,https://www.youtube.com/watch?v=TyEc6Q0eOt4,045a SIBERIA YOU ARE MY LIMIT - R/Esub (Enhanced 4K),REPLACE
322,044 / BOOK of EYES,044 Book of Eyes classic.,IBfMLZghog0,https://www.youtube.com/watch?v=IBfMLZghog0,yNhzeLEyeUI,https://www.youtube.com/watch?v=yNhzeLEyeUI,044 Book of Eyes classic. (Enhanced 4K),REPLACE
323,"041 / ETERNAL HOME, Kazakhstan",KAZAKHSTAN / ETERNAL HOME,tkCxiE1Wlrw,https://www.youtube.com/watch?v=tkCxiE1Wlrw,zP_OyCyOypo,https://www.youtube.com/watch?v=zP_OyCyOypo,KAZAKHSTAN / ETERNAL HOME (Enhanced 4K),REPLACE
324,035 / RettungsMarsch 1913 - saving 20 seconds,035 Rettungsmarsch 1913,QfQyjfQTPjw,https://www.youtube.com/watch?v=QfQyjfQTPjw,F5c4eIan2ZM,https://www.youtube.com/watch?v=F5c4eIan2ZM,035 Rettungsmarsch 1913 (Enhanced 4K),REPLACE
325,046a / BALANCE of LIFE - BABUSHKA MASHA,KAZAKHSTAN / BALANCE of LIFE – BABUSHKA MASHA (English Edition),j1J5t163asA,https://www.youtube.com/watch?v=j1J5t163asA,pwS9hUgSkPk,https://www.youtube.com/watch?v=pwS9hUgSkPk,KAZAKHSTAN / BALANCE of LIFE – BABUSHKA MASHA (English Edition) (Enhanced 4K),REPLACE
1597,047b / ÖREG TÓ (Hungarian Edition),RUSSIA / ÖREG TÓ (Hungarian Edition),roeVmHWKobs,https://www.youtube.com/watch?v=roeVmHWKobs,fHJww_VJXBI,https://www.youtube.com/watch?v=fHJww_VJXBI,RUSSIA / ÖREG TÓ (Hungarian Edition) (Enhanced 4K),REPLACE
328,034 / DUST of LIFE,CAMBODIA / DUST of LIFE,mgUOHubnEC8,https://www.youtube.com/watch?v=mgUOHubnEC8,SCqAUnc6jmQ,https://www.youtube.com/watch?v=SCqAUnc6jmQ,CAMBODIA / DUST of LIFE (Enhanced 4K),REPLACE
329,042 / BEHIND the CURTAIN,042 Behind the Curtain - Interview H/E,FKkFMCWm0HI,https://www.youtube.com/watch?v=FKkFMCWm0HI,NkORKrHJ16Y,https://www.youtube.com/watch?v=NkORKrHJ16Y,042 Behind the Curtain - Interview H/E (Enhanced 4K),REPLACE
332,031 / FOKUSZ - RTL-Club,INTERVIEW / FOKUSZ – RTL CLUB,_dxcOch0CrU,https://www.youtube.com/watch?v=_dxcOch0CrU,Ys0NcLodiv0,https://www.youtube.com/watch?v=Ys0NcLodiv0,INTERVIEW / FOKUSZ – RTL CLUB (Enhanced 4K),REPLACE
609,002a / TRAPPED REALITY,RUSSIA / TRAPPED REALITY,fuNkC-JNzEc,https://www.youtube.com/watch?v=fuNkC-JNzEc,KCq96qHRcqE,https://www.youtube.com/watch?v=KCq96qHRcqE,TRAPPED REALITY - Short Stories from Moscow (Enhanced 4K),REPLACE
595,051 / RUSSIA / MISHA goes to SCHOOL,051a MISHA goes to SCHOOL - R/Esub,rXUD-jxOCuM,https://www.youtube.com/watch?v=rXUD-jxOCuM,,,,NO 4K FOUND
598,052b / Jerusalem – Itzhak Frey & Son – Mea Shearim,052b Itzhak Frey & Son - D/Esub,zPTk4BzdBu8,https://www.youtube.com/watch?v=zPTk4BzdBu8,wsDFrKb6ymw,https://www.youtube.com/watch?v=wsDFrKb6ymw,052b Itzhak Frey &amp; Son - D/Esub (Enhanced 4K),REPLACE
1727,054e / HUMUS for HAMAS - 12 sec. censored by Iran at the 11th MOQAVEMAT International Film Festival,054ca / zwölf sekunden zensur HUMUS for HAMAS,DR9rSeRX8ug,https://www.youtube.com/watch?v=DR9rSeRX8ug,r9YCkV13wto,https://www.youtube.com/watch?v=r9YCkV13wto,054ca / zwölf sekunden zensur HUMUS for HAMAS (Enhanced 4K),REPLACE
1729,060b LAZAC ÉS MACKO / PARADICSOM - R/Hsub,060b / LAZAC ÉS MACKO / PARADICSOM - R/Hsub,7qQ47AhQca4,https://www.youtube.com/watch?v=7qQ47AhQca4,9TtrreTqq0s,https://www.youtube.com/watch?v=9TtrreTqq0s,060b / LAZAC ÉS MACKO / PARADICSOM - R/Hsub (Enhanced 4K),REPLACE
1730,061b / TOLBACHIK / Ludmilla's Volcano - Time change,061b Volcano TOLBACHIK - time change,csxaS-i3wtw,https://www.youtube.com/watch?v=csxaS-i3wtw,JYOpeAT87ag,https://www.youtube.com/watch?v=JYOpeAT87ag,061b Volcano TOLBACHIK - time change (Enhanced 4K),REPLACE
1735,054d / HUMUS for HAMAS - Arabic/Farsi sub,Humus for Hamas subtitles in FARSI 24.09.2010,Uv5kGuyJSbc,https://www.youtube.com/watch?v=Uv5kGuyJSbc,GOZtTpoaUaM,https://www.youtube.com/watch?v=GOZtTpoaUaM,Humus for Hamas subtitles in FARSI 24.09.2010 (Enhanced 4K),REPLACE
1736,083c /DPRK – Pyongyang Metro,DPRK / Pyongyang Metro,-x_aIkSrXFw,https://www.youtube.com/watch?v=-x_aIkSrXFw,mUHM3XTG8yA,https://www.youtube.com/watch?v=mUHM3XTG8yA,DPRK / Pyongyang Metro (Enhanced 4K),REPLACE
1737,083d / DPRK / 37th floor - Pyongyang,DPRK / 37th floor - Pyongyang,6JCZA5BMpg0,https://www.youtube.com/watch?v=6JCZA5BMpg0,R6F-ie6gQiE,https://www.youtube.com/watch?v=R6F-ie6gQiE,DPRK / 37th floor - Pyongyang (Enhanced 4K),REPLACE
1738,083e / DPRK / haircut in a cooperative state farm - Wonsan,083e / DPRK / haircut in a cooperative state farm - Wonsan,aOn12f4HN4E,https://www.youtube.com/watch?v=aOn12f4HN4E,_63Nc9Dh2m0,https://www.youtube.com/watch?v=_63Nc9Dh2m0,083e / DPRK / haircut in a cooperative state farm - Wonsan (Enhanced 4K),REPLACE
1739,"083f / DPRK / Dongan - Pyongyang, uncensored footage","DPRK / Dongan - Pyongyang, uncensored footage",BXdKRjSVsvg,https://www.youtube.com/watch?v=BXdKRjSVsvg,oR6dNEbBMDk,https://www.youtube.com/watch?v=oR6dNEbBMDk,"DPRK / Dongan - Pyongyang, uncensored footage (Enhanced 4K)",REPLACE
1836,083l / PIANO / DPRK,"PIANO PRACTISE, DPRK",4QqadqB5ZSs,https://www.youtube.com/watch?v=4QqadqB5ZSs,ewYUqJL3uEQ,https://www.youtube.com/watch?v=ewYUqJL3uEQ,"PIANO PRACTISE, DPRK (Enhanced 4K)",REPLACE
1852,096 / TIBET– till & mill,TIBET – till & mill,WPV3ysAX_Dg,https://www.youtube.com/watch?v=WPV3ysAX_Dg,DAgold9grXM,https://www.youtube.com/watch?v=DAgold9grXM,TIBET – till &amp; mill (Enhanced 4K),REPLACE
1758,090 / heavenly private - Ukraine,90 / Heavenly Private Papamobil,hYvlNNcPPEI,https://www.youtube.com/watch?v=hYvlNNcPPEI,0s3BrKzmNsg,https://www.youtube.com/watch?v=0s3BrKzmNsg,90 / Heavenly Private Papamobil (Enhanced 4K),REPLACE
662,029 REALtime,RUSSIA / REALtime,c62HSWqoxKo,https://www.youtube.com/watch?v=c62HSWqoxKo,cCoHgv_NzQ0,https://www.youtube.com/watch?v=cCoHgv_NzQ0,RUSSIA / REALtime (Enhanced 4K),REPLACE
663,055 / M'eat - eat meat - meet A SACRIFICE,055 / Syria / M'eat - eat meat - meet A SACRIFICE,NllpHjWcq1k,https://www.youtube.com/watch?v=NllpHjWcq1k,,,,NO 4K FOUND
611,050a / BORN to MOVE - Kazakhstan unlimited,"050a BORN to MOVE / X-treams, X-dreams - Kazakhstan",aUg2dv4XXgM,https://www.youtube.com/watch?v=aUg2dv4XXgM,F_jtAQxN9I0,https://www.youtube.com/watch?v=F_jtAQxN9I0,"050a BORN to MOVE / X-treams, X-dreams - Kazakhstan (Enhanced 4K)",REPLACE
666,056 / FILMTIME  / MTV  m2 Hungarian Television,FILMTIME – MTV m2 Hungarian Television,hH4mTkFUKdg,https://www.youtube.com/watch?v=hH4mTkFUKdg,dJAybqPxKfw,https://www.youtube.com/watch?v=dJAybqPxKfw,FILMTIME – MTV m2 Hungarian Television (Enhanced 4K),REPLACE
667,057a / Fucking Good KAMCHATKA  - ballet for 2 poachers,fucking good KAMCHATKA – Ballet for Two Poachers (English Edition),Ydkc8oZzHBY,https://www.youtube.com/watch?v=Ydkc8oZzHBY,KKvkEH2kdwY,https://www.youtube.com/watch?v=KKvkEH2kdwY,fucking good KAMCHATKA – Ballet for Two Poachers (English Edition) (Enhanced 4K),REPLACE
677,058a / HAMAS – Rise to Power,GAZA / HAMAS – RISE to POWER (English Edition),N6jAviwcNmo,https://www.youtube.com/watch?v=N6jAviwcNmo,AWZcGZVfpDw,https://www.youtube.com/watch?v=AWZcGZVfpDw,GAZA / HAMAS – RISE to POWER (English Edition) (Enhanced 4K),REPLACE
881,059a / Krapivnaja - LOST in TRANSITION,KAMCHATKA / LOST in TRANSITION (English Edition),9Rz8jpSUmPM,https://www.youtube.com/watch?v=9Rz8jpSUmPM,iCvKylpkr64,https://www.youtube.com/watch?v=iCvKylpkr64,KAMCHATKA / LOST in TRANSITION (English Edition) (Enhanced 4K),REPLACE
882,060a / BEAR and FISH - PARADEIZA,KAMCHATKA / BEAR and FISH (English Edition),0tapt-cyoSY,https://www.youtube.com/watch?v=0tapt-cyoSY,3uOFkulu-p4,https://www.youtube.com/watch?v=3uOFkulu-p4,KAMCHATKA / BEAR and FISH (English Edition) (Enhanced 4K),REPLACE
883,061a / TOLBACHIK - Ludmilla's Volcano,061a / TOLBACHIK - Ludmilla's Volcano - E,uFI77oD4K_k,https://www.youtube.com/watch?v=uFI77oD4K_k,XbvXjdYO-UI,https://www.youtube.com/watch?v=XbvXjdYO-UI,061a / TOLBACHIK - Ludmilla&#39;s Volcano - E (Enhanced 4K),REPLACE
884,043 / KAZAKHSTAN - LAND INSIDE ME,043 Land Inside Me - Almaty,f1FFHaB68UY,https://www.youtube.com/watch?v=f1FFHaB68UY,-P7n9IGutH0,https://www.youtube.com/watch?v=-P7n9IGutH0,043 Land Inside Me - Almaty (Enhanced 4K),REPLACE
1748,083k / DPRK / Guns and Cherry Blossoms,DPRK / Guns and Cherry Blossoms,rNtr5Y7Yaok,https://www.youtube.com/watch?v=rNtr5Y7Yaok,mgiCufz-q4E,https://www.youtube.com/watch?v=mgiCufz-q4E,DPRK / Guns and Cherry Blossoms (Enhanced 4K),REPLACE
1308,036 / RettungsMarsch 1913 - saving 20 seconds,RettungsMarsch 1913 - saving 20 seconds (Long Version) 21:30,AtuAAkLGRPo,https://www.youtube.com/watch?v=AtuAAkLGRPo,gY_wU9Pj8ts,https://www.youtube.com/watch?v=gY_wU9Pj8ts,RettungsMarsch 1913 - saving 20 seconds (Long Version) 21:30 (Enhanced 4K),REPLACE
1309,052a / JERUSALEM / Itzhak Frey & Son – MEA SHEARIM,052a  Itzhak  Frey & Sohn - D,wxJ7SGgb42c,https://www.youtube.com/watch?v=wxJ7SGgb42c,aJyIakn9Sbk,https://www.youtube.com/watch?v=aJyIakn9Sbk,052a  Itzhak  Frey &amp; Sohn - D (Enhanced 4K),REPLACE
1760,091 / Dinner at Natasha and Petro,091 / Dinner at Natasha and Petro,CM_Qhcpc1us,https://www.youtube.com/watch?v=CM_Qhcpc1us,uoIxmJeb6Kg,https://www.youtube.com/watch?v=uoIxmJeb6Kg,091 / Dinner at Natasha and Petro (Enhanced 4K),REPLACE
1763,095 / TIBET – Top of the World,Base Camp Everest – Top of the world,aefe1fn7Kf0,https://www.youtube.com/watch?v=aefe1fn7Kf0,sv-GECx5IY4,https://www.youtube.com/watch?v=sv-GECx5IY4,Base Camp Everest – Top of the world (Enhanced 4K),REPLACE
1845,083m BRUSH PAINTING /DPRK,"BRUSH PAINTING, DPRK",sIK1U7gS-tw,https://www.youtube.com/watch?v=sIK1U7gS-tw,1YiVtv_Kfww,https://www.youtube.com/watch?v=1YiVtv_Kfww,"BRUSH PAINTING, DPRK (Enhanced 4K)",REPLACE
1839,083n / Acrobatics / DPRK,DPRK / TRADITIONAL DANCE,y81sU3NL3Fo,https://www.youtube.com/watch?v=y81sU3NL3Fo,rKXO40z_6P4,https://www.youtube.com/watch?v=rKXO40z_6P4,DPRK / TRADITIONAL DANCE (Enhanced 4K),REPLACE
1840,083o Accordion Lesson /DPRK,"ACCORDION LESSON, DPRK",AkAtP0oKCMs,https://www.youtube.com/watch?v=AkAtP0oKCMs,NywefhQNLlE,https://www.youtube.com/watch?v=NywefhQNLlE,"ACCORDION LESSON, DPRK (Enhanced 4K)",REPLACE
1841,083p Drawing class / DPRK,"DRAWING PRACTISE, DPRK",lCpwATzkfMA,https://www.youtube.com/watch?v=lCpwATzkfMA,WDUOdzD7iR0,https://www.youtube.com/watch?v=WDUOdzD7iR0,"DRAWING PRACTISE, DPRK (Enhanced 4K)",REPLACE
1842,083q Drama Class / DPRK,DPRK / DRAMA CLASS,pdya9ZzlGhg,https://www.youtube.com/watch?v=pdya9ZzlGhg,ghUf1WlCvZg,https://www.youtube.com/watch?v=ghUf1WlCvZg,DPRK / DRAMA CLASS (Enhanced 4K),REPLACE
1843,083r  Girls Choir / DPRK,"GIRL'S CHOIR, DPRK",m4j94BSQMp4,https://www.youtube.com/watch?v=m4j94BSQMp4,ygd0y24iPcQ,https://www.youtube.com/watch?v=ygd0y24iPcQ,"GIRL&#39;S CHOIR, DPRK (Enhanced 4K)",REPLACE
1844,083s Gayageum / DPRK,DPRK / GAYAGEUM - concert zither,0RRuKv3u7dU,https://www.youtube.com/watch?v=0RRuKv3u7dU,lLNFpEBOaIE,https://www.youtube.com/watch?v=lLNFpEBOaIE,DPRK / GAYAGEUM - concert zither (Enhanced 4K),REPLACE
1857,101 / TIBET / Gyantse – Sandpainting Mandalas – Kumbum Monastery,TIBET / Sandpainting Mandalas – Kumbum Monastery,Md53nopQbck,https://www.youtube.com/watch?v=Md53nopQbck,0m3zbyA2mvA,https://www.youtube.com/watch?v=0m3zbyA2mvA,TIBET / Sandpainting Mandalas – Kumbum Monastery (Enhanced 4K),REPLACE
1851,105 / DIE FUNDAZIUN DA VAZ – Ein Einblick,Fundaziun Da Vaz – Ein Einblick,mlPRxM0RY3E,https://www.youtube.com/watch?v=mlPRxM0RY3E,SDyTrVeEsPM,https://www.youtube.com/watch?v=SDyTrVeEsPM,Fundaziun Da Vaz – Ein Einblick (Enhanced 4K),REPLACE
1310,052c / Itzhak Frey és Fia,ISRAEL / ITZHAK FREY & FIA (Hungarian Edition),MpZicz5Nkrg,https://www.youtube.com/watch?v=MpZicz5Nkrg,IznuQhn_t2Y,https://www.youtube.com/watch?v=IznuQhn_t2Y,ISRAEL / ITZHAK FREY &amp; FIA (Hungarian Edition) (Enhanced 4K),REPLACE
1723,052a Jerusalem / David Frey / Kinderheitserrinnerungen,052af David Frey / Kindheitserinnerungen,aV-BtCv_vzs,https://www.youtube.com/watch?v=aV-BtCv_vzs,vERRoJWRv18,https://www.youtube.com/watch?v=vERRoJWRv18,052af David Frey / Kindheitserinnerungen (Enhanced 4K),REPLACE
1312,038b / Ifjú FARKAS,038b IFJU FARKAS / Smolensk - H,L8kk5d87jnk,https://www.youtube.com/watch?v=L8kk5d87jnk,SfDAt_cFJ9E,https://www.youtube.com/watch?v=SfDAt_cFJ9E,038b IFJU FARKAS / Smolensk - H (Enhanced 4K),REPLACE
1313,003 / Moscow / TRAPPED REALITY,TRAPPED REALITY - Short Stories from Moscow,T0Z6t9zG0rw,https://www.youtube.com/watch?v=T0Z6t9zG0rw,KCq96qHRcqE,https://www.youtube.com/watch?v=KCq96qHRcqE,TRAPPED REALITY - Short Stories from Moscow (Enhanced 4K),REPLACE
1315,049c / LIEBE ANNA,049c Liebe Anna - H,UExLHdyGfwA,https://www.youtube.com/watch?v=UExLHdyGfwA,5J00iElePW8,https://www.youtube.com/watch?v=5J00iElePW8,049c Liebe Anna - H (Enhanced 4K),REPLACE
1316,030b / ALICE CSODAORSZAGBAN,030b ALICE CSODAORSZAGBAN - H,nACZdLod2mU,https://www.youtube.com/watch?v=nACZdLod2mU,peCYCFB38fU,https://www.youtube.com/watch?v=peCYCFB38fU,030b ALICE CSODAORSZAGBAN - H (Enhanced 4K),REPLACE
1319,059b / Kamcsatka - Az eltűnt falu,059b / KRAPIVNAJA - LOST in TRANSITION - R/Hsub,yRT12zdB0V4,https://www.youtube.com/watch?v=yRT12zdB0V4,OnkDQ1TiitA,https://www.youtube.com/watch?v=OnkDQ1TiitA,059b / KRAPIVNAJA - LOST in TRANSITION - R/Hsub (Enhanced 4K),REPLACE
1320,039b / KAZAKH TV/DaVaz - K/R,039b Kazakh Television / Interview - R,ouzpBuJuCJk,https://www.youtube.com/watch?v=ouzpBuJuCJk,jZMwVvnUz4Q,https://www.youtube.com/watch?v=jZMwVvnUz4Q,039b Kazakh Television / Interview - R (Enhanced 4K),REPLACE
1340,058b / HAMAS – RISE to POWER,(not found),a71tMDi4LWo,https://www.youtube.com/watch?v=a71tMDi4LWo,,,,SKIP (video not found)
1359,057c / Fucking Good KAMCHATKA  - Ballett für 2 Fischdiebe,fucking good KAMCHATKA – Ballett für Zwei Fischdiebe (Deutsche Edition),rxHoEF73O5k,https://www.youtube.com/watch?v=rxHoEF73O5k,6qgf1ve82bk,https://www.youtube.com/watch?v=6qgf1ve82bk,fucking good KAMCHATKA – Ballett für Zwei Fischdiebe (Deutsche Edition) (Enhanced 4K),REPLACE
1585,065 / 35 Million Dollars in a Suitcase – Gaza in Pain,GAZA / 35 Million Dollars in a Suitcase – Gaza in Pain,lA-HJkXDE2A,https://www.youtube.com/watch?v=lA-HJkXDE2A,PKNfogo5kyE,https://www.youtube.com/watch?v=PKNfogo5kyE,GAZA / 35 Million Dollars in a Suitcase – Gaza in Pain (Enhanced 4K),REPLACE
1586,064 / S(t)inging Beauty,064 / S(T)INGING BEAUTY / Kamchatka - Russian/Esub,o_nM2N-03UI,https://www.youtube.com/watch?v=o_nM2N-03UI,jqcb-hnYha8,https://www.youtube.com/watch?v=jqcb-hnYha8,064 / S(T)INGING BEAUTY / Kamchatka - Russian/Esub (Enhanced 4K),REPLACE
1593,066 / The Beatles in Georgia,066 / The BEATLES in GEORGIA - Georgian/Esub,3teIj0Rttzg,https://www.youtube.com/watch?v=3teIj0Rttzg,EE-hwKUwHeE,https://www.youtube.com/watch?v=EE-hwKUwHeE,066 / The BEATLES in GEORGIA - Georgian/Esub (Enhanced 4K),REPLACE
1594,006 / MTV2 – Window on Europe – Európa Ablak,006 MTV2 Window on Europe -- Európa Ablak,rX4ADnOa3G4,https://www.youtube.com/watch?v=rX4ADnOa3G4,MVi0fWh_g5Y,https://www.youtube.com/watch?v=MVi0fWh_g5Y,006 MTV2 Window on Europe -- Európa Ablak (Enhanced 4K),REPLACE
1595,061c TOLBACHIK 1975–2005,KAMCHATKA / TOLBACHIK 1975-2005,6hUUJNMZKDw,https://www.youtube.com/watch?v=6hUUJNMZKDw,pzMKDArsh5s,https://www.youtube.com/watch?v=pzMKDArsh5s,KAMCHATKA / TOLBACHIK 1975-2005 (Enhanced 4K),REPLACE
1596,046b / EGYENSÚLYBAN – BABUSHKA MASHA,046b EGYENSULYBAN / Babushka Masha - H,x6S8pAmrv94,https://www.youtube.com/watch?v=x6S8pAmrv94,Qykz0y0Wfb0,https://www.youtube.com/watch?v=Qykz0y0Wfb0,046b EGYENSULYBAN / Babushka Masha - H (Enhanced 4K),REPLACE
1638,068 / SEX on the STEPS – Yellow Mountains,068 / SEX on the STEPS - Yellow Mountains,cgHVbxV64VU,https://www.youtube.com/watch?v=cgHVbxV64VU,sE0QFAuf190,https://www.youtube.com/watch?v=sE0QFAuf190,068 / SEX on the STEPS - Yellow Mountains (Enhanced 4K),REPLACE
1639,057b / Fucking Good KAMCHATKA  - kurva jó,fucking good KAMCHATKA – kurva jó (Hungarian Edition),XtzTRGmGWuM,https://www.youtube.com/watch?v=XtzTRGmGWuM,-rNd-pElc6s,https://www.youtube.com/watch?v=-rNd-pElc6s,fucking good KAMCHATKA – kurva jó (Hungarian Edition) (Enhanced 4K),REPLACE
1640,069 / TeaTime in TBILISI,Republic of GEORGIA / TeaTime in TBILISI,509HaQXlkL0,https://www.youtube.com/watch?v=509HaQXlkL0,tLK5WQb0weQ,https://www.youtube.com/watch?v=tLK5WQb0weQ,Republic of GEORGIA / TeaTime in TBILISI (Enhanced 4K),REPLACE
1641,070 a / KMARA – ENOUGH! / THE ROSE REVOLUTION,Republic of GEORGIA / KMARA -- ENOUGH! / THE ROSE REVOLUTION,KMclVtn2aoc,https://www.youtube.com/watch?v=KMclVtn2aoc,FqqybYPUBgY,https://www.youtube.com/watch?v=FqqybYPUBgY,Republic of GEORGIA / KMARA -- ENOUGH! / THE ROSE REVOLUTION (Enhanced 4K),REPLACE
1704,078 / The FURNITURE of AFGHANISTAN,078 / The FURNITURE in AFGHANISTAN - Afghan/Russian/English,0LdSpIR6x2I,https://www.youtube.com/watch?v=0LdSpIR6x2I,,,,NO 4K FOUND
1642,"071 / drunk, God...","Republic of GEORGIA / drunk, GOD...",w2zIO_8S3Ek,https://www.youtube.com/watch?v=w2zIO_8S3Ek,PUuRv4DQHzE,https://www.youtube.com/watch?v=PUuRv4DQHzE,"Republic of GEORGIA / drunk, GOD... (Enhanced 4K)",REPLACE
1643,007b / MTV2 – BUDAPESTI napló,007b BUDAPESTEN NAPLO - H,SHFqywMgx1Q,https://www.youtube.com/watch?v=SHFqywMgx1Q,-zT1av8QGGo,https://www.youtube.com/watch?v=-zT1av8QGGo,007b BUDAPESTEN NAPLO - H (Enhanced 4K),REPLACE
1644,"072 a / IRAN, chador condom coffeeshop – daily life & politics",072a / Iran / CHADOR CONDOM COFFEESHOP - Farsi/Esub,N_Ui88q-gy8,https://www.youtube.com/watch?v=N_Ui88q-gy8,tHoHrj45oCE,https://www.youtube.com/watch?v=tHoHrj45oCE,072a / Iran / CHADOR CONDOM COFFEESHOP - Farsi/Esub (Enhanced 4K),REPLACE
1705,079a / IRAN / HANDSHAKE! – sometimes kisses,079a Iran / HANDSHAKE -- sometimes KISSES - Farsi/Esub,n4Vn38iOsw0,https://www.youtube.com/watch?v=n4Vn38iOsw0,H7otaCwYGfY,https://www.youtube.com/watch?v=H7otaCwYGfY,079a Iran / HANDSHAKE -- sometimes KISSES - Farsi/Esub (Enhanced 4K),REPLACE
1706,001b / Más Szemmel,001b MAS SZEMMEL - H,FaRUcjDYZis,https://www.youtube.com/watch?v=FaRUcjDYZis,Jx7AP9-jaCA,https://www.youtube.com/watch?v=Jx7AP9-jaCA,001b MAS SZEMMEL - H (Enhanced 4K),REPLACE
1707,079b / IRAN / KÉZFOGAS – és néha csók,079b / Iran / KÉZFOGAS -- és néha csók - Farsi/Hsub,sQdMKkCuXkc,https://www.youtube.com/watch?v=sQdMKkCuXkc,,,,NO 4K FOUND
1645,"072 b / IRAN, kopftuch pariser kaffeehaus - alltag & politik",072b / Iran / KOPFTUCH PARISER KAFFEEHAUS - Farsi/Dsub,opavvOpVpUM,https://www.youtube.com/watch?v=opavvOpVpUM,J1VEC3Us21Q,https://www.youtube.com/watch?v=J1VEC3Us21Q,072b / Iran / KOPFTUCH PARISER KAFFEEHAUS - Farsi/Dsub (Enhanced 4K),REPLACE
1647,070c / Republik GEORGIEN / KMARA – ELÉG! / ROZSAS FORRADALOM,070c / KMARA - ELÉG! / ROZSAS FORRADALOM,qSgiCb2aJa4,https://www.youtube.com/watch?v=qSgiCb2aJa4,vHI2VvwFgSQ,https://www.youtube.com/watch?v=vHI2VvwFgSQ,070c / KMARA - ELÉG! / ROZSAS FORRADALOM (Enhanced 4K),REPLACE
1651,074a / DAS TESTAMENT – Yevgenyi Burak,DAS TESTAMENT - Yevgenyi Burak,-eTyUFV-KB8,https://www.youtube.com/watch?v=-eTyUFV-KB8,ZL4fpsfZ9KQ,https://www.youtube.com/watch?v=ZL4fpsfZ9KQ,DAS TESTAMENT - Yevgenyi Burak (Enhanced 4K),REPLACE
1674,074b / A TESTAMENTUM – Yevgenyi Burak,A TESTAMENTUM – Yevgenyi Burak,dOF5NTLfmn0,https://www.youtube.com/watch?v=dOF5NTLfmn0,aoxjEktqruo,https://www.youtube.com/watch?v=aoxjEktqruo,A TESTAMENTUM – Yevgenyi Burak (Enhanced 4K),REPLACE
1676,076 / Haider Abdel Shafi – peace not in my lifetime,Palestine / HAIDER ABDELSHAFI - last interview,4bLA0adDPaI,https://www.youtube.com/watch?v=4bLA0adDPaI,MOpfwkuh1Bw,https://www.youtube.com/watch?v=MOpfwkuh1Bw,Palestine / HAIDER ABDELSHAFI - last interview (Enhanced 4K),REPLACE
1677,077a / REPUBLIC OF GEORGIA – where God landed,077a / Republic of Georgia / WHERE GOD LANDED - R/G/A/O/Esub,q_UgL0Pbet8,https://www.youtube.com/watch?v=q_UgL0Pbet8,vjPiwPzTTjU,https://www.youtube.com/watch?v=vjPiwPzTTjU,077a / Republic of Georgia / WHERE GOD LANDED - R/G/A/O/Esub (Enhanced 4K),REPLACE
1678,077b / Republik Georgien – Fusstritte Gottes,077b / Republik Georgien / FUSSTRITTE GOTTES - R/G/A/O/Dsub,cWGbmkCvGHA,https://www.youtube.com/watch?v=cWGbmkCvGHA,8Dkr7t65k5Q,https://www.youtube.com/watch?v=8Dkr7t65k5Q,077b / Republik Georgien / FUSSTRITTE GOTTES - R/G/A/O/Dsub (Enhanced 4K),REPLACE
1679,077c / Grúz Köztársaság – Ahol Isten Leszállt,077c / Grúz Köztársaság / Ahol Isten Leszállt - Hsub,l8szkLe2eiM,https://www.youtube.com/watch?v=l8szkLe2eiM,3G7etaHUS44,https://www.youtube.com/watch?v=3G7etaHUS44,077c / Grúz Köztársaság / Ahol Isten Leszállt - Hsub (Enhanced 4K),REPLACE
1680,074c  ЗАВЕЩАНИЕ – ЕВГЕНИЮ БУРАКУ,074c / ЗАВЕЩАНИЕ / ЕВГЕНИЮ БУРАКУ - R,v27m8UT4w0M,https://www.youtube.com/watch?v=v27m8UT4w0M,,,,NO 4K FOUND
1716,083a DPRK / KIM DYNASTY - teaching method,DPRK / KIM DYNASTY - teaching method,5AdE5zNRq6w,https://www.youtube.com/watch?v=5AdE5zNRq6w,YyxnEtDf3G4,https://www.youtube.com/watch?v=YyxnEtDf3G4,DPRK / KIM DYNASTY - teaching method (Enhanced 4K),REPLACE
1717,083b DPRK / KIM JONG IL / moviemaker - all about love,DPRK / KIM JONG IL / moviemaker - all about love,nIjgA9_9tgM,https://www.youtube.com/watch?v=nIjgA9_9tgM,KLCqrlGWOnE,https://www.youtube.com/watch?v=KLCqrlGWOnE,DPRK / KIM JONG IL / moviemaker - all about love (Enhanced 4K),REPLACE
1719,052ab ITZHAK FREY - Gedanken zur Gründung des Slowakischen Staates,052ab ITZHAK FREY / Gedanken zur Gründung des Slowakischen Staates - D,28sD05dtKzE,https://www.youtube.com/watch?v=28sD05dtKzE,cbbqvaYFsLo,https://www.youtube.com/watch?v=cbbqvaYFsLo,052ab ITZHAK FREY / Gedanken zur Gründung des Slowakischen Staates - D (Enhanced 4K),REPLACE
1733,067 Something to Say to the World? - Bests from Lis,067 / SOMETHING to SAY to the WORLD - Bests from Lis out of Kenya,V1k1xyzaGzY,https://www.youtube.com/watch?v=V1k1xyzaGzY,6ovCHUIpbno,https://www.youtube.com/watch?v=6ovCHUIpbno,067 / SOMETHING to SAY to the WORLD - Bests from Lis out of Kenya (Enhanced 4K),REPLACE
1725,010b / SUITE 702,010b SUITE 702 - H,ZsfwCuMHFVw,https://www.youtube.com/watch?v=ZsfwCuMHFVw,f0R7_enfXbo,https://www.youtube.com/watch?v=f0R7_enfXbo,010b SUITE 702 - H (Enhanced 4K),REPLACE
1726,"011b / BEZARVA, Moscow","011b BEZARVA, Moscow - Russian / Hungarian sub",FnlKDiLSmA0,https://www.youtube.com/watch?v=FnlKDiLSmA0,TcydrlVFmRs,https://www.youtube.com/watch?v=TcydrlVFmRs,"011b BEZARVA, Moscow - Russian / Hungarian sub (Enhanced 4K)",REPLACE
1720,052ac ITZHAK FREY - Gedanken zum Antisemitismus in der Schweiz,052ac ITZHAK FREY / Gedanken zum Antisemitismus in der Schweiz - D,1OGG_98oRqY,https://www.youtube.com/watch?v=1OGG_98oRqY,HKvHtCek8Ic,https://www.youtube.com/watch?v=HKvHtCek8Ic,052ac ITZHAK FREY / Gedanken zum Antisemitismus in der Schweiz - D (Enhanced 4K),REPLACE
1764,"093 Karpfen and Mirage / Vinnytsia, Ukraine","093 / Karpfen and Mirage, Winniza, Ukraine",HcWVqIwrBE4,https://www.youtube.com/watch?v=HcWVqIwrBE4,x-HQL07mzVA,https://www.youtube.com/watch?v=x-HQL07mzVA,"093 / Karpfen and Mirage, Winniza, Ukraine (Enhanced 4K)",REPLACE
1740,083g / DPRK / How Do You Do?,How do you do in DPRK?,td5h1Gcx0gg,https://www.youtube.com/watch?v=td5h1Gcx0gg,EUl60qxR980,https://www.youtube.com/watch?v=EUl60qxR980,How do you do in DPRK? (Enhanced 4K),REPLACE
1741,083h / DPRK / Swiss Yodeling over Pyongyang,DPRK / Swiss Yodeling over Pyongyang,4sgXo0I4uTI,https://www.youtube.com/watch?v=4sgXo0I4uTI,u0JhthQKRhY,https://www.youtube.com/watch?v=u0JhthQKRhY,DPRK / Swiss Yodeling over Pyongyang (Enhanced 4K),REPLACE
1742,083i / DPRK / Overland from Panmunjon to Pyongyang,DPRK / Overland from Panmunjon to Pyongyang,PVSGvKb2pzU,https://www.youtube.com/watch?v=PVSGvKb2pzU,M_DZeS67Wy8,https://www.youtube.com/watch?v=M_DZeS67Wy8,DPRK / Overland from Panmunjon to Pyongyang (Enhanced 4K),REPLACE
1746,086b / 50 TONS of wild LIFE / Kenya,085a / 50 tons of wild life - Kenya,AjiFJbsRYyg,https://www.youtube.com/watch?v=AjiFJbsRYyg,IQd5tL7N6Lc,https://www.youtube.com/watch?v=IQd5tL7N6Lc,085a / 50 tons of wild life - Kenya (Enhanced 4K),REPLACE
1743,013a / PIG OPERA,PIG OPERA,PPCRMgkcBFc,https://www.youtube.com/watch?v=PPCRMgkcBFc,SiQM_y9ALB0,https://www.youtube.com/watch?v=SiQM_y9ALB0,PIG OPERA (Enhanced 4K),REPLACE
1744,077aa / Hairdresser in Georgia,Hairdresser in Georgia,kIIFdZrQuTQ,https://www.youtube.com/watch?v=kIIFdZrQuTQ,0DD5phUDsuo,https://www.youtube.com/watch?v=0DD5phUDsuo,Hairdresser in Georgia (Enhanced 4K),REPLACE
1745,086a/ DEER VISION / Kenya,085 DEER VISION - Kenya,EywN1gXXrAQ,https://www.youtube.com/watch?v=EywN1gXXrAQ,KYXcpSVkhJ4,https://www.youtube.com/watch?v=KYXcpSVkhJ4,085 DEER VISION - Kenya (Enhanced 4K),REPLACE
1846,"102 /  Suchen, Schnüffeln, Scharren... Zupacken","Suchen, Schnüffeln, Scharren... Zupacken",-wKR0jcUVMU,https://www.youtube.com/watch?v=-wKR0jcUVMU,luqPei_dY7M,https://www.youtube.com/watch?v=luqPei_dY7M,"Suchen, Schnüffeln, Scharren... Zupacken (Enhanced 4K)",REPLACE
1751,086c / Baboons out of Kenya,86c / Baboons out of Kenya,Oy6C9xa-IkQ,https://www.youtube.com/watch?v=Oy6C9xa-IkQ,rqZoxtXql9E,https://www.youtube.com/watch?v=rqZoxtXql9E,86c / Baboons out of Kenya (Enhanced 4K),REPLACE
1754,088 / MAIDAN - Ukraine,"088 / Ukraine's Maidan, Kyiv",uew-t12ZP5Q,https://www.youtube.com/watch?v=uew-t12ZP5Q,3Bv5VXtuPiI,https://www.youtube.com/watch?v=3Bv5VXtuPiI,"088 / Ukraine&#39;s Maidan, Kyiv (Enhanced 4K)",REPLACE
1757,"089 / Sberbank Rossii, Kiev, Ukraine",089 / Sberbank Kyiv,gJe-iNomJLk,https://www.youtube.com/watch?v=gJe-iNomJLk,ZP4QMd557z0,https://www.youtube.com/watch?v=ZP4QMd557z0,089 / Sberbank Kyiv (Enhanced 4K),REPLACE
1853,097 / TIBET – Rongbuk Monastery,TIBET / Rongbuk Monastery,otseQlbkGRE,https://www.youtube.com/watch?v=otseQlbkGRE,hNBwopvpdIg,https://www.youtube.com/watch?v=hNBwopvpdIg,TIBET / Rongbuk Monastery (Enhanced 4K),REPLACE
1856,100 TIBET / LHASA Sera Monastery – Debating Monks,TIBET / Sera Monastery –  Debating Monks,FPuC6oD03Ic,https://www.youtube.com/watch?v=FPuC6oD03Ic,P8Y5qHfGCDo,https://www.youtube.com/watch?v=P8Y5qHfGCDo,TIBET / Sera Monastery –  Debating Monks (Enhanced 4K),REPLACE
1860,"107 / Museum - MACH aus dem VERGANGENEN, was Du KANNST","MACH aus dem VERGANGENEN, was Du KANNST",k3nEp6-h5ZA,https://www.youtube.com/watch?v=k3nEp6-h5ZA,-XEgYOQkIos,https://www.youtube.com/watch?v=-XEgYOQkIos,"MACH aus dem VERGANGENEN, was Du KANNST (Enhanced 4K)",REPLACE
1861,108 / FLY over KAMCHATKA,Fly over Kamchatka,6L-z22_WnvA,https://www.youtube.com/watch?v=6L-z22_WnvA,c-rqUkjdxk0,https://www.youtube.com/watch?v=c-rqUkjdxk0,Fly over Kamchatka (Enhanced 4K),REPLACE
1927,109 / Visual Thinking - inner landscapes - out of a black whole,Visual Thinking - inner landscapes - out of a black whole,M7pLqiSxJ8c,https://www.youtube.com/watch?v=M7pLqiSxJ8c,k6dRt2wPuhQ,https://www.youtube.com/watch?v=k6dRt2wPuhQ,Visual Thinking - inner landscapes - out of a black whole (Enhanced 4K),REPLACE
1931,112 / Museum Da Vaz - Santa Maria,Museum Da Vaz Februar 2024 Santa Maria,UrwKbdcn5DY,https://www.youtube.com/watch?v=UrwKbdcn5DY,kHsGxlyoA5k,https://www.youtube.com/watch?v=kHsGxlyoA5k,Museum Da Vaz Februar 2024 Santa Maria (Enhanced 4K),REPLACE
1932,113 / PICK and PEN,Pick and Pen,d6ph7n4k35Y,https://www.youtube.com/watch?v=d6ph7n4k35Y,_j7GCIgrCIU,https://www.youtube.com/watch?v=_j7GCIgrCIU,PICK AND PEN (Enhanced 4K),REPLACE
